content_id,type,title,body,courseId
025a5d33-06fb-4dcf-9a1e-b6646eaf6165,LINK,tristis ascisco,Adflicto praesentium asper crustulum degero tamisium inflammatio quaerat tot conscendo. Vir urbs tamdiu deputo speciosus repellat veniam. Sponte damnatio angulus voco sponte ulciscor caute tam textilis dolores.,674ffc82-44e8-4b66-8ce9-1480a9ef69fd
03c5ae7e-933d-4be3-95e7-7e6e7ae47d4c,VIDEO,vulnus testimonium,Similique nulla thalassinus despecto vae. Quae verumtamen atrox ceno. Censura custodia casso nihil tepidus caput cometes.,e63e6cfc-060a-41ad-8d2d-f8f8695cc3d8
0774b730-bd1a-4c82-926f-d1ee2d13a5bb,VIDEO,conventus tertius alo,Acer bibo teneo celebrer totidem explicabo tui amo conservo aeneus. Tamisium aestus apto auxilium abstergo basium blandior vulnus triduana vetus. Virgo adhaero vesper sonitus aequitas adfero.,691ca1f5-8df5-4df2-9e2e-72b43a1ce679
09f12250-e13a-49c2-b136-8532b97148ee,VIDEO,varietas,Addo tabesco tener adduco velit vinco. Verecundia uxor asperiores solum villa. Spargo aveho eligendi adipiscor audax est ciminatio vigor.,d4ff8b98-c13e-441e-ad01-3b8d28100e1a
0a539c63-af26-4d5e-bd97-3db15f76b3c8,TEXT,cunctatio,Suspendo timor curo aranea animus defessus bibo vitiosus cultellus. Culpo truculenter veniam iste amitto minus articulus pecco quisquam. Certus clibanus temperantia.,d46d9bc7-6f41-4640-b122-21d24486d8b5
0a638b96-5ed0-4834-851f-d920277a7b99,ASSIGNMENT,bellum,Capio tempora traho tero trucido acerbitas. Cavus assumenda conor admoveo suscipio termes officia. Capillus tertius charisma umquam tremo tabula cubitum adfectus cruentus ex.,274d30f5-98e4-4537-ba17-fa3215cc9020
0a6fa248-b57b-4c85-a7cb-58ccb25788b7,TEXT,deludo crur,Timor vinum adipiscor. Neque averto sol corrigo patria vespillo. Concido villa adeptio tamquam ceno decretum ante.,399865b0-582d-4f3c-a752-66923b881a81
0cb1b3c1-134f-49ca-935a-e5fdabd2e3cc,LINK,autem aureus corpus,Adipisci vulgaris debilito anser temporibus supellex statim crux acceptus calcar. Comis quam universe ipsum stabilis comitatus vitae dedico. Ipsa occaecati cunae cur.,4e7b9562-e957-4630-8d5d-89388793f561
0f55c005-f9ae-4080-9fb3-6752fdb81699,LINK,dicta,Adicio tenetur currus tabella denique depopulo verus occaecati ager. Decerno thesis alter quidem valens nobis accusamus. Verbera incidunt temporibus vilitas candidus supra tremo illo repudiandae.,4e7b9562-e957-4630-8d5d-89388793f561
10444b43-855e-4a4b-89c5-7838cecf85fd,TEXT,vomica ciminatio absque,Pecto atqui corrumpo. Velit studio conduco vigor dedecor aedificium. Claro approbo acerbitas pecco taedium aliquid.,27547a61-f3b1-4377-9d02-19ddd866b3ff
10958176-44bb-46f6-9c19-8515bb3f74ac,ASSIGNMENT,fuga correptius cuius,Claro teres vilicus supra trucido caecus verto saepe conspergo nemo. Demoror corroboro corona veritatis ver. Adfero aduro peior admoveo decens concedo adulatio.,4e7b9562-e957-4630-8d5d-89388793f561
126dc760-f7df-4519-87da-c14c473c14de,TEXT,totus,Aspicio vesco blanditiis surculus. Voluptatum modi ara vomito supellex. Vox accusantium demergo vita vorax.,4e7b9562-e957-4630-8d5d-89388793f561
127ff431-9a73-4ce2-b72f-8c33f36baaf2,QUIZ,magni,Verumtamen neque cerno saepe supellex hic conforto aut facere custodia. Eius vestigium debeo amaritudo vallum claro atque. Officiis sol amita adulescens.,d4ff8b98-c13e-441e-ad01-3b8d28100e1a
14f972e0-02cf-4f39-b3d7-ff45c81164f8,QUIZ,solum cribro,Cilicium cariosus omnis thema. Vacuus statim vorago supra repellat ceno summopere admoneo. Tribuo sollers valeo degero.,691ca1f5-8df5-4df2-9e2e-72b43a1ce679
162759aa-590e-4b38-8890-5f8784ad2271,QUIZ,ab cubicularis veritas,Clamo necessitatibus attonbitus currus compello. Territo alveus aegrus appositus. Aperio cena anser inventore saepe amaritudo vesco amo deserunt.,4e7b9562-e957-4630-8d5d-89388793f561
16f2bda2-3458-4577-8518-822718e9bdeb,TEXT,cursus,Tego curso stultus somniculosus benigne tumultus caput. Thema caelum tener ascisco auctor inflammatio consequuntur coniecto apto. Numquam caterva denuo defungo validus tribuo nostrum bestia arma agnitio.,399865b0-582d-4f3c-a752-66923b881a81
179372ae-3170-4fd4-8e44-f7d139ad59c4,ASSIGNMENT,excepturi adaugeo,Nobis apto censura cerno tunc tracto angustus quisquam provident. Aperio molestiae terebro repellat aliquid atrox repudiandae laborum audio. Aduro color spectaculum teneo unde aestivus vox pax.,d4ff8b98-c13e-441e-ad01-3b8d28100e1a
1833570f-4dde-4d9d-a328-162a044f9ebb,QUIZ,pauci defaeco sum,Creo uberrime vestrum conor vomica clementia. Sum beatae spes attero cito. Tui modi degusto urbanus una spero.,4e7b9562-e957-4630-8d5d-89388793f561
18b359c7-7dc6-43f2-846c-4743cd7f677f,VIDEO,eligendi delibero cuius,Clibanus aequitas damno adficio crudelis arbitro correptius cupio voluptatibus. Tamisium turba talis solus. Uter tempora turpis occaecati eos viduo pariatur conatus comminor vociferor.,274d30f5-98e4-4537-ba17-fa3215cc9020
1c105ad1-14be-4e92-aaf0-41035701622c,LINK,carmen,Molestias coaegresco fuga corona deleniti assumenda. Conduco voluptatibus carus capto capitulus velit molestiae cras dedico spargo. Ipsum tantum vobis surculus cursim molestias vergo.,d46d9bc7-6f41-4640-b122-21d24486d8b5
1f7ec7ad-be1c-43a4-9953-97a043a3a161,LINK,patrocinor,Omnis tener defero stabilis nesciunt. Sui vilitas delinquo solitudo. Taedium corrupti alias cado casus itaque.,d4ff8b98-c13e-441e-ad01-3b8d28100e1a
212b35f5-b635-4367-a29a-aecc079c4db0,VIDEO,uberrime,Quis collum abbas cultura conventus. Aetas vivo neque cetera. Utique tardus substantia.,4e7b9562-e957-4630-8d5d-89388793f561
23b249c1-8cf2-43d6-8a10-28e5a0800a64,VIDEO,denuncio id commodo,Thymbra velum desidero bis certe. Contra aedificium cilicium cuppedia ante dedico. Sit stips depulso summa verbum compono quibusdam decor.,d4ff8b98-c13e-441e-ad01-3b8d28100e1a
246e89b8-ed24-46b7-8a1a-d921a07470fc,LINK,asper quod,Auditor absconditus cupiditate quisquam crinis aperiam ago aliquam. Demulceo cauda concido tenuis explicabo vilicus commodi deporto colligo. Venio vulnus arca creo attollo usitas cicuta.,27547a61-f3b1-4377-9d02-19ddd866b3ff
24be32fe-203a-40ee-a100-09b1808e8b4b,VIDEO,solum,Non ut vulnus sponte contego aperte urbs. Nisi caelestis sono hic. Sol avaritia commodo clarus similique amoveo demo tepidus.,27547a61-f3b1-4377-9d02-19ddd866b3ff
24da03c0-6058-4c09-8b0c-a29338bf1eda,ASSIGNMENT,avarus testimonium,Antea umerus molestias corroboro tantillus caput bos. Usitas considero sed. Crinis decens eveniet vobis.,399865b0-582d-4f3c-a752-66923b881a81
25accdec-ff83-4036-b7ff-f38a5b776bb1,LINK,attonbitus admoveo vomito,Caveo decumbo tredecim quibusdam. Vergo sophismata antiquus. Minima utor cernuus.,d4ff8b98-c13e-441e-ad01-3b8d28100e1a
25d0291d-5afd-4b55-ab84-ceab2e846197,ASSIGNMENT,molestias ustilo,Architecto deputo sperno nostrum decet adulatio conventus terreo confido. Earum ambitus adfero versus cursim animadverto. Suggero crux vobis debilito eaque aestus aperte corporis adimpleo.,691ca1f5-8df5-4df2-9e2e-72b43a1ce679
2724dbe6-1678-4513-9765-a4ee14b44152,QUIZ,astrum bellum,Nulla nemo cultura. Utilis suscipio defendo tamquam tempore candidus desparatus tabernus. Cenaculum alveus delicate tergiversatio censura consequuntur ait ademptio.,d46d9bc7-6f41-4640-b122-21d24486d8b5
291cfbb0-b3fd-403e-b5ee-636c55e631db,TEXT,deorsum,Deripio sollicito tardus depereo demonstro caterva. Deprimo clamo calcar vilicus qui quasi synagoga spoliatio torqueo. Tenus cura venio.,674ffc82-44e8-4b66-8ce9-1480a9ef69fd
292988b4-e0dc-442b-a20e-aaca03c4c6ca,QUIZ,delicate,Adversus tum cariosus ver capillus numquam. Modi circumvenio id arbustum acies carpo acceptus damnatio commodo. Stabilis cohors est asper.,d46d9bc7-6f41-4640-b122-21d24486d8b5
2a8fb8f5-ea1e-4568-a95e-2f8559bedecc,ASSIGNMENT,uredo,Vinculum deorsum sophismata quibusdam cunae illum adstringo tantillus provident tonsor. Sublime civis degusto odit auxilium cultura cotidie comminor laboriosam ustulo. Vulgivagus vitae tamdiu totidem audio angelus strenuus.,674ffc82-44e8-4b66-8ce9-1480a9ef69fd
2ae6612e-5904-434e-8053-1d82d1a90a59,TEXT,adversus,Aestus calcar bis. Deputo agnosco deludo studio. Curis tener tondeo suppellex corrupti valens valde abbas adstringo.,d46d9bc7-6f41-4640-b122-21d24486d8b5
2ba51602-9925-49c8-9b4c-281e2897f936,TEXT,facilis,Talus arca nobis abutor auctus inventore audio terebro. Aureus civitas vivo carus sequi taceo defaeco rem adinventitias astrum. Civitas vulgaris surgo subseco viduo comptus beneficium surculus sustineo.,274d30f5-98e4-4537-ba17-fa3215cc9020
2c32c60f-717f-4ed9-be52-e90a2ca9efdd,LINK,aer usitas,Tutamen compello doloribus cribro. Via viriliter facilis utpote censura vomica damno desparatus colligo. Defluo atque alter ambitus a libero ipsa perferendis cubo.,274d30f5-98e4-4537-ba17-fa3215cc9020
2d5cffdc-a8b4-459d-8180-67e9930723dc,ASSIGNMENT,sollers angustus,Desparatus varius numquam facilis ultio stultus nemo. Terminatio sub assumenda tergeo comprehendo. Totus solitudo suscipit atqui patior conscendo.,4e7b9562-e957-4630-8d5d-89388793f561
31dab3b0-1667-41c0-9abd-52084dbc315c,VIDEO,tamquam antepono,Subnecto voco vulgivagus a vomica debitis. Super vacuus civitas uredo tricesimus. Depulso voro suasoria conitor commodi nisi versus.,691ca1f5-8df5-4df2-9e2e-72b43a1ce679
321550a4-e962-47ff-8012-02486832b3b1,VIDEO,volo defessus,Compello sunt demulceo commodo attonbitus pectus abeo. Conicio angulus decumbo arx doloremque alo. Asperiores cervus deinde succurro creta arcesso occaecati vir adficio voluptatem.,274d30f5-98e4-4537-ba17-fa3215cc9020
331a7f11-c069-4648-8d82-580694c0a982,LINK,cimentarius,Amicitia tredecim utrum. Accusamus adiuvo conscendo valde adfectus acquiro bestia patior. Torqueo aperte audentia talis porro bellicus socius.,4e7b9562-e957-4630-8d5d-89388793f561
3359bb31-b090-4616-afe8-561d1838176d,ASSIGNMENT,degero celebrer alias,Decimus tam aer dolor vivo cultura adamo. Cito defero confero cur viduo. Quos ultra decumbo supplanto.,399865b0-582d-4f3c-a752-66923b881a81
33e98aad-cf06-453c-b346-839a2f94446e,TEXT,cibo,Casus basium ab curo. A arx praesentium vulgus coadunatio. Correptius campana talis bardus ipsum.,d4ff8b98-c13e-441e-ad01-3b8d28100e1a
33fd7c75-8235-492e-b0a6-c5e79a4c39b5,VIDEO,templum sonitus,Tripudio viscus temptatio thorax sequi defaeco capto terra centum. Tondeo aequus adulescens verbera creptio. Cruentus dolor autus auctus.,e63e6cfc-060a-41ad-8d2d-f8f8695cc3d8
34ca6a27-ac68-4880-9fab-8056a3af07f4,TEXT,nam arx non,Altus aufero voluntarius deripio debilito correptius deputo demulceo. Usque hic amaritudo vomito trucido quo. Acsi denuncio incidunt ait.,2491a797-6df8-4944-96a3-bd9bbde5258c
356d4a68-e74e-4f31-adf8-6cf460a53aca,TEXT,tunc,Aranea abscido vilis quam assentator admiratio velut solio. Id viscus solitudo. Non sono reiciendis coniuratio addo modi.,2491a797-6df8-4944-96a3-bd9bbde5258c
35c1e025-d333-4a41-8c7f-ed3ed16fdcd2,TEXT,conor crur,Summisse velum tristis comminor. Adsum aer somniculosus antea sit impedit tabula. Causa aliquid adeo atque ventus.,2491a797-6df8-4944-96a3-bd9bbde5258c
37e896a1-7d2b-4151-adef-bac7ffc6bbbc,VIDEO,vallum,Claudeo denuncio conicio cibus celo volutabrum defetiscor articulus averto caritas. Uberrime valetudo careo tenuis nisi strues compello cura aggero. Vito tamen adhaero dicta defungo recusandae coadunatio absorbeo conqueror.,d46d9bc7-6f41-4640-b122-21d24486d8b5
384726f0-0230-45d0-b284-46ac56fcec2c,ASSIGNMENT,certe,Denuncio utor terror sol illum veniam. Occaecati ambulo utrimque iste. Virtus auctor maxime arx amitto umbra abundans bos vulgaris confugo.,4e7b9562-e957-4630-8d5d-89388793f561
38894aa2-f0a5-4dc9-b096-cdaf01af163f,ASSIGNMENT,thorax,Conitor ipsa cariosus cilicium crapula clibanus damno atque. Degusto cum aufero. Cado curvo adficio quod aestas.,e63e6cfc-060a-41ad-8d2d-f8f8695cc3d8
3ab55f7c-22c1-488f-a80f-05f3e68121ea,TEXT,atavus,Autem adinventitias combibo eius pauper voluptatibus. Laboriosam correptius eveniet quisquam audeo. Ocer tepidus tertius.,d46d9bc7-6f41-4640-b122-21d24486d8b5
3b4d2c54-7d18-4d45-b625-0c750ef4d967,TEXT,adversus patruus talus,Demulceo aut tristis territo totidem curis corpus cervus. Vis averto facilis alter animadverto sollers dens ante perspiciatis. Paens advoco impedit cultellus defessus cupressus sponte.,4e7b9562-e957-4630-8d5d-89388793f561
3b912901-2e92-4689-b4cb-ba683be6d59d,TEXT,quam accendo stipes,Tamisium venustas crur clamo solus dapifer vulariter condico. Arbustum tutis qui administratio cui stella absorbeo. Substantia perspiciatis concedo celer timidus ver curto cuppedia.,27547a61-f3b1-4377-9d02-19ddd866b3ff
3be22d60-7ce0-45de-8e93-7a58855c4e6c,VIDEO,nemo dens,Conscendo ambulo aeternus cui studio carus surgo. Doloribus esse infit aqua uredo cicuta conventus nemo bonus. Calcar esse asper accusamus demitto voluptas decumbo abscido volva culpa.,4e7b9562-e957-4630-8d5d-89388793f561
3c1d70ea-8acb-44ab-aa12-d0073d2a5471,LINK,stella pariatur,Cerno succurro aperte auxilium tamquam vomito. Cohaero coepi ex solio volva aestus tyrannus. Dignissimos confido ars vehemens placeat combibo.,274d30f5-98e4-4537-ba17-fa3215cc9020
3cb60e52-4be2-4ea3-a364-51bc5448c802,LINK,cilicium ceno,Desidero repudiandae vesica acquiro abeo demergo cognomen. Cunae vitium cimentarius creator. Solitudo vomer comes aranea decet alioqui ars statua.,674ffc82-44e8-4b66-8ce9-1480a9ef69fd
3d6b3003-422e-43cf-9cc3-84515adf9187,TEXT,textus angustus,Eum cultura tenus teneo demens sopor contigo. Socius thorax eum cultellus ceno. Aegrotatio decet adnuo deprecator totam cribro.,4e7b9562-e957-4630-8d5d-89388793f561
3e217bfc-0d15-4e84-bf02-9e0ad7aaa32a,QUIZ,iste volutabrum,Crepusculum degenero congregatio ceno cotidie tracto venio. Accusator decens velum crastinus reiciendis optio appello curso atqui catena. Coepi enim veritatis vobis soleo attonbitus.,4e7b9562-e957-4630-8d5d-89388793f561
3f8f4e3f-7725-4c4d-b34a-0fc4df84744f,LINK,voluptas,Totidem volup caelum vado. Tergeo speculum carpo. Aspernatur sub decretum collum vulgo avarus.,691ca1f5-8df5-4df2-9e2e-72b43a1ce679
40812fec-6f54-403d-8eca-814a54c085b5,ASSIGNMENT,vulnero cilicium vigilo,Adopto testimonium curo aurum derideo certus anser spoliatio ventus. Officiis sunt neque verbum spoliatio cito tutis. Arma demens pecus aptus certe velum statua.,d46d9bc7-6f41-4640-b122-21d24486d8b5
4333c320-1ef4-41d0-88b1-ef1c1f6e305b,VIDEO,inventore,Absorbeo harum stabilis. Illum defendo curriculum cibo corroboro ex abstergo. Altus degenero tabesco.,674ffc82-44e8-4b66-8ce9-1480a9ef69fd
447298af-e80b-4bcc-919d-7e5735b8cc26,TEXT,centum,Amitto spoliatio tamisium. Stabilis nam caelestis adfero comburo vivo cometes cibus. Correptius comis spargo tamdiu.,399865b0-582d-4f3c-a752-66923b881a81
45cfbf0a-f2d2-44b6-8323-7708be4b1b82,LINK,conculco error,Cervus statua video usque triduana alienus sui urbs dapifer. Sit volva bellum triduana velit conitor amplexus carus. Verumtamen tonsor curiositas aliquam angulus umbra.,274d30f5-98e4-4537-ba17-fa3215cc9020
46157439-1ced-447c-b69e-2f7a034be8ff,LINK,accommodo,Decet rerum bibo. Amiculum textilis tepidus audax thesis arbor aspicio confero somniculosus cimentarius. Tamisium provident adsuesco apparatus depono suscipio.,d4ff8b98-c13e-441e-ad01-3b8d28100e1a
4743f470-3eef-4f77-addc-058084880f55,ASSIGNMENT,tribuo arguo,Urbs cinis adicio absconditus universe animi theca cupiditate. Paens degenero denuo surculus. Beneficium verto dolor sub.,d46d9bc7-6f41-4640-b122-21d24486d8b5
47c89afd-a81f-4294-915f-f8e2048b41d2,LINK,fugit vorago coruscus,Tabesco amaritudo adfero peccatus carus vigilo clementia succedo. Voluptates comparo colo sollicito viriliter pauci vado conturbo. Auditor sponte stabilis possimus defero vinum patria.,2491a797-6df8-4944-96a3-bd9bbde5258c
4a165c7c-62f9-4928-9455-f571eb818fec,TEXT,cumque,Demonstro basium adipiscor depulso molestiae vivo commodo adaugeo. Thesaurus ratione venia amplus. Conservo cohibeo compello credo vetus.,674ffc82-44e8-4b66-8ce9-1480a9ef69fd
4a98f11e-a8b2-45bb-8c09-68dbf2e6ea5b,LINK,carpo,Deleniti ars urbs somnus necessitatibus vicissitudo vulgo vinculum. Thorax ulciscor adimpleo capto ciminatio. Valens considero suggero annus laborum vulgivagus assentator comburo aggero.,399865b0-582d-4f3c-a752-66923b881a81
4bce9dfa-0cc4-4b1f-b478-87e7413f9878,ASSIGNMENT,desidero,Cresco illo articulus angelus infit. Beatus videlicet absum. Convoco utrum arbor tempus tempore ultra adficio.,d46d9bc7-6f41-4640-b122-21d24486d8b5
4c9f15f7-9870-4c44-9e74-4b473c15529b,LINK,curo vitae comis,Curis adnuo uberrime rerum ambitus patrocinor. Consectetur a vito turpis arbitro comis decimus aegrus explicabo. Adaugeo vilitas charisma acsi volaticus.,4e7b9562-e957-4630-8d5d-89388793f561
4eb4f44e-f52c-4aa2-97d0-ddd57fd8d6eb,LINK,cupio adulescens,Aegre desidero bos ulterius tutamen depraedor arca. Adulescens amaritudo curia bardus argentum nisi tredecim. Accusantium curiositas cornu angulus aeger consequatur statim ademptio pauper voco.,27547a61-f3b1-4377-9d02-19ddd866b3ff
51e54180-0b64-4931-9b7c-463760ad08c3,LINK,alveus vomer,Veritas stips cur vergo. Comis virga vinitor consequuntur defero audio sapiente asperiores territo. Casus tubineus cunctatio blanditiis cunctatio tardus.,674ffc82-44e8-4b66-8ce9-1480a9ef69fd
52018e47-94a5-4d82-a821-ca8b3b70901c,VIDEO,placeat,Utique defero summa ambulo capitulus careo alo cuppedia consequatur. Maxime caste concido cinis coniuratio texo. Vinitor capitulus subseco coniecto desparatus comitatus conforto.,27547a61-f3b1-4377-9d02-19ddd866b3ff
524d353c-44ee-44a0-9947-8f8dfe4e8cf6,VIDEO,beneficium cattus,Supra brevis cumque altus solum. Sumo sui cultellus ultra argumentum synagoga. Aurum aegrotatio aestus ab sto tametsi.,4e7b9562-e957-4630-8d5d-89388793f561
52bd131a-1d58-4c6c-8f4c-4156af6ee339,QUIZ,deleo,Amet theatrum stipes basium chirographum admiratio. Harum appello doloremque necessitatibus spargo trans vere. Cuppedia sapiente ambitus videlicet caveo alveus accommodo temeritas.,2491a797-6df8-4944-96a3-bd9bbde5258c
5460c5d3-7fec-4004-8dfe-b8bbd30b1578,VIDEO,undique,Tres aeneus esse conor. Subnecto ager reprehenderit decet strues canonicus demens perferendis. Coma velut demulceo varietas solium cui.,4e7b9562-e957-4630-8d5d-89388793f561
5949f865-0041-475d-95d9-c356f173bccd,VIDEO,attollo,Carcer magni traho admoveo socius unus. Acceptus angulus aedificium quibusdam tyrannus celebrer caute. Custodia victus adfero cena considero convoco.,d46d9bc7-6f41-4640-b122-21d24486d8b5
5c2fea63-5fe8-4da4-af41-d0765158de26,ASSIGNMENT,vita vinitor incidunt,Caelestis texo titulus artificiose confugo adulescens dapifer verumtamen dedecor corpus. Confugo tyrannus curto deputo. Accendo solum quas campana teneo denique vobis cometes.,399865b0-582d-4f3c-a752-66923b881a81
5c534412-4d27-4fe5-b11f-56fc30da9fa6,VIDEO,tracto adduco,Talus subiungo repellendus bellum cruentus. Vulgaris coadunatio ipsum veniam ago adduco civitas spiculum. Totidem adsidue subiungo.,674ffc82-44e8-4b66-8ce9-1480a9ef69fd
5ccdaadd-9c70-4683-aa2a-c20c1586bbe6,QUIZ,admoveo,Vindico arx aestus cohaero cumque. Defero apostolus possimus cinis conitor dolor casso aestas. Nemo accusantium iure xiphias decumbo decet sui dedecor.,e63e6cfc-060a-41ad-8d2d-f8f8695cc3d8
5d4ebdb9-57a5-4f5b-b080-775110e4aba3,TEXT,acer cursim alias,Xiphias ambitus decipio vere decerno officia. Desidero nulla tamen. Pel strenuus eligendi provident audax deprecator cui cito laudantium.,674ffc82-44e8-4b66-8ce9-1480a9ef69fd
5e266be5-a2d3-44dc-afeb-be46bd2f3795,LINK,supra thymbra tempore,Comprehendo adiuvo sodalitas delinquo crux debeo aveho crapula advoco denego. Velum defendo allatus. Et uberrime theca cibo vox sit dolorem ars.,274d30f5-98e4-4537-ba17-fa3215cc9020
5e68ff0b-be7c-42b4-875c-bbbf76c6d02a,LINK,votum vel amitto,Decipio accusantium ascisco tantillus alo aspicio crastinus voluptas artificiose. Sulum textilis dolorem architecto adaugeo accusamus autus. Vita vulpes sodalitas celer quasi convoco acer valeo.,d46d9bc7-6f41-4640-b122-21d24486d8b5
5e9739cf-385e-4632-9e3f-f674c6a8dc20,LINK,spiculum arguo contigo,Ocer laborum approbo sperno aliquam audeo. Vicinus temperantia clarus cursim demum unus clam tui celo curis. Adicio concido absorbeo sol.,27547a61-f3b1-4377-9d02-19ddd866b3ff
5f94fbd4-3308-42cd-adca-115c7a1cb799,LINK,audio,Damnatio somniculosus abutor. Suppono tibi stillicidium solvo pecco supra. Ante unde aegre desipio ascisco exercitationem.,d4ff8b98-c13e-441e-ad01-3b8d28100e1a
60b8f9b4-d256-4119-ab43-ab6bd3429def,ASSIGNMENT,adulescens anser deludo,Amor curriculum abscido torqueo volutabrum timidus tres. Somniculosus tutamen comptus. Cito thermae ab admitto paens allatus tibi neque.,27547a61-f3b1-4377-9d02-19ddd866b3ff
62208a33-966e-452f-991a-a1c2c673d35a,VIDEO,subvenio,Allatus consequuntur statua concido templum complectus conturbo caries. Voluptatibus harum infit. Tego apostolus sufficio demulceo varius.,2491a797-6df8-4944-96a3-bd9bbde5258c
6387d772-48d7-456b-8f4a-4f9b1d498a31,VIDEO,corona enim,Comparo caste decretum adimpleo addo aetas. Aut tot aliquid iusto capillus antiquus triumphus adipiscor supplanto appositus. Cilicium templum caste voluptatum baiulus iure.,674ffc82-44e8-4b66-8ce9-1480a9ef69fd
63a9fa3a-d6ee-429f-920d-f58426d4caca,TEXT,enim magnam,Ait odit dens stips depromo adinventitias deserunt autem beneficium. Torrens assumenda aut turba theologus apparatus amoveo. Terra vulgo sopor copia approbo avarus.,691ca1f5-8df5-4df2-9e2e-72b43a1ce679
6467c268-0560-481e-909e-5b351564b491,QUIZ,cras adinventitias catena,Alter animi cerno accusamus dolorem. Peccatus decor quos suscipio. Bene perspiciatis beatae adduco molestias cubitum apostolus theatrum.,674ffc82-44e8-4b66-8ce9-1480a9ef69fd
64f027b9-d80d-409f-81a3-ddf807da8eb8,ASSIGNMENT,reiciendis administratio,Tamquam decumbo sonitus adnuo. Magni amaritudo ea sollers numquam. Cohaero attollo auxilium aduro carbo video video comparo.,27547a61-f3b1-4377-9d02-19ddd866b3ff
6568da49-7f97-42bd-b59f-27ee5134e4d0,ASSIGNMENT,verbera confido,Quia corrupti vester ancilla urbs appello ipsum bellum adduco vereor. Arguo delego aptus. Autem accusamus corroboro totam tabgo solvo cunabula aperiam distinctio arcus.,e63e6cfc-060a-41ad-8d2d-f8f8695cc3d8
6630f8c2-0223-44fc-9cec-923b9f2da970,QUIZ,maiores,Conicio sol vicissitudo omnis adfectus adamo abutor crapula umbra contego. Cauda autus trado torrens tenax angelus aqua nulla auctor asper. Non testimonium calco ustulo super culpo valde.,27547a61-f3b1-4377-9d02-19ddd866b3ff
66861a8b-78de-48ae-8b2c-dc9281777888,QUIZ,calcar vigor,Alienus tollo voluptatem apud vitae cresco ratione. Debitis clementia caelum. Substantia est vester temporibus.,691ca1f5-8df5-4df2-9e2e-72b43a1ce679
66f8e392-abe0-470a-81da-0d950b07d967,TEXT,suadeo,Adopto cumque certe. Coruscus tandem acies. Vicissitudo nulla aduro decimus.,399865b0-582d-4f3c-a752-66923b881a81
68182da5-72bd-4e44-ad67-c3533a0f5414,VIDEO,vigor molestiae tondeo,Varietas arcus theatrum sunt iure vita. Adipiscor comminor clamo. Vere nam templum coruscus acidus.,674ffc82-44e8-4b66-8ce9-1480a9ef69fd
68d4dc6f-5d1d-42cf-bf5a-8c0144a247b9,VIDEO,defleo contabesco utique,Ultra amo succurro vinculum acies vereor aetas odio. Delectus vae ascit. Auxilium aedificium contego altus talus tenus compello conqueror speciosus.,274d30f5-98e4-4537-ba17-fa3215cc9020
6a4be088-05ec-4c93-a38d-b51c41e398ef,TEXT,ustulo valetudo baiulus,Vulnero demitto quisquam sub studio volubilis autus abscido. Quae adfero sponte vomito despecto caelestis conturbo. Sustineo repellat aegrus amaritudo.,691ca1f5-8df5-4df2-9e2e-72b43a1ce679
6c45d1de-9026-4338-8276-bfa318fb9f35,LINK,blanditiis canonicus,Solum confido audeo vito versus decet catena. Considero testimonium adulatio odit occaecati ancilla abutor suppellex cuius. Talus dolorum voluptatibus vehemens careo acer sustineo cohors.,274d30f5-98e4-4537-ba17-fa3215cc9020
6e721ebd-8fcc-4a1c-a3e6-272049c5c998,ASSIGNMENT,casus,Quod videlicet crur alias vitae. Astrum exercitationem vespillo. Vinum appositus asporto ago atque adduco.,2491a797-6df8-4944-96a3-bd9bbde5258c
726c2dda-52fd-4e70-94dc-7b0ddfc340cf,VIDEO,peccatus,Viduo eum in spectaculum vesper video vicissitudo. Surgo censura audentia congregatio conor viduo utor vindico acidus nulla. Alioqui perspiciatis ducimus celer.,691ca1f5-8df5-4df2-9e2e-72b43a1ce679
72befcd8-c3c6-4919-9478-3567f9d44e5a,QUIZ,conicio canonicus officia,Succurro usus tardus astrum rerum voluptates cunctatio absens amor. Attonbitus assumenda voluptate validus temeritas avaritia deprecator. Carus ipsam ipsam tredecim ultra.,2491a797-6df8-4944-96a3-bd9bbde5258c
7545e71b-f69f-46e7-a678-e81756fbf220,TEXT,culpo conor,Tempus acidus quos. Tergiversatio infit debilito. Altus cribro texo varius.,d4ff8b98-c13e-441e-ad01-3b8d28100e1a
759c7203-7bcc-4524-8f20-69eb83442ec1,VIDEO,degero incidunt censura,Asporto avaritia charisma confero sulum ulterius vindico temporibus. Ara adipiscor suppellex absum assentator ancilla vallum ascit adstringo. Aestivus ullus canonicus commemoro centum demonstro omnis.,d46d9bc7-6f41-4640-b122-21d24486d8b5
76d85039-72e1-44d3-affa-349c08427840,TEXT,desipio,Cum annus soleo claustrum veniam bellum corroboro. Ventito adduco complectus addo reprehenderit acerbitas. Casus vapulus curto corona delinquo.,399865b0-582d-4f3c-a752-66923b881a81
77626916-4e7a-4d53-a378-abd4bd17946d,LINK,soluta currus vitiosus,Adulatio defendo trado temeritas tener. Eveniet amicitia verecundia. Vero acceptus distinctio coadunatio volaticus corrupti succurro.,d46d9bc7-6f41-4640-b122-21d24486d8b5
78c257dd-6ce9-4d80-9aeb-d0c7e19b6fe9,ASSIGNMENT,timor vulgaris abeo,Vesica tonsor tremo adipiscor cupressus. Aut amor commodi caste sto sollers teneo quae aurum cum. Colligo veritas dedecor aestivus sit vapulus aureus vulpes depereo.,274d30f5-98e4-4537-ba17-fa3215cc9020
7ab08801-eae6-4d10-82fd-2c6e3c261451,VIDEO,quasi abeo canis,Vindico vilicus adsum arguo deleo vesco. Cibo clam celer officiis. Modi ultra cursim conculco.,691ca1f5-8df5-4df2-9e2e-72b43a1ce679
7b6cddde-5ba5-4f7d-9799-988290e516ac,TEXT,vitiosus vobis conor,Spectaculum arcus optio amitto. Angelus tantum cubicularis aperio cohaero deficio audio utor candidus cribro. Decretum vulgo attero textilis doloremque bibo laudantium suffragium laborum credo.,d46d9bc7-6f41-4640-b122-21d24486d8b5
7bfdc979-a4f5-47bb-8181-01a7c41539fb,LINK,deficio conor iste,Solum sustineo expedita explicabo molestiae comminor. Suggero tergum conforto vir beneficium aequus. Subiungo vitiosus ambulo subvenio caste aiunt incidunt.,4e7b9562-e957-4630-8d5d-89388793f561
7c0be596-7eeb-42ab-a021-bdee2353613d,ASSIGNMENT,theatrum venio,Currus tergum cunae sonitus demitto ambulo absens sulum amitto. Complectus pectus cultura sono sumo deprimo thalassinus constans. Summisse facilis temporibus theologus molestiae bos adaugeo vos a causa.,d46d9bc7-6f41-4640-b122-21d24486d8b5
80203eba-9dd7-4c67-8bf5-eea9bced2264,ASSIGNMENT,agnosco,Suadeo aeternus demoror beneficium dolorem contego in agnitio blandior desparatus. Amaritudo dapifer odit decipio uxor curvo. Vel aequitas culpa vestigium.,4e7b9562-e957-4630-8d5d-89388793f561
80e0afa3-a3d3-4122-a4b1-2fa6614c035d,LINK,explicabo quisquam texo,Umquam volubilis ascit sophismata. Comptus suffragium amplitudo iusto aegre vere sodalitas aegrotatio utrimque. Aliquid tempus contego.,27547a61-f3b1-4377-9d02-19ddd866b3ff
842f406a-3ed2-4c41-8ec3-90b325ea2a17,LINK,urbs cruciamentum velum,Perferendis peccatus praesentium utpote decor verumtamen solio abscido victus vobis. Accusantium defungo animus. Apparatus truculenter thorax nulla curatio.,691ca1f5-8df5-4df2-9e2e-72b43a1ce679
8576fecc-6416-4742-a11a-fb9c36a49fc8,LINK,aestas quaerat,Deporto theatrum bonus clarus comparo studio cibo. Commodo communis vulpes adsuesco vitiosus adaugeo curriculum. Maxime delinquo colligo tenax candidus cultellus voluntarius suasoria.,e63e6cfc-060a-41ad-8d2d-f8f8695cc3d8
860405d6-2c0a-41d4-b6f8-a72f780b522e,QUIZ,omnis cupiditas,Ratione thesaurus verus claudeo vulariter absque nihil consequatur. Minima cado cur tamen stillicidium. Capitulus confugo audeo comparo non antea vox comedo ascisco calamitas.,274d30f5-98e4-4537-ba17-fa3215cc9020
8720bc84-1214-47d2-82bb-d404ac6ab9f1,QUIZ,vobis,Aperio synagoga amaritudo depono calamitas tamquam. Approbo cresco varietas tero uredo voluptate contigo accusantium tumultus. Supellex degenero vulgo subvenio custodia victoria clibanus natus.,674ffc82-44e8-4b66-8ce9-1480a9ef69fd
87c38db9-8b91-4e66-a8f3-9e9b3e9f36ec,TEXT,vester,Adhaero depulso concedo. Utroque quod quae. Subito sponte utroque blanditiis curvo absens.,674ffc82-44e8-4b66-8ce9-1480a9ef69fd
88e0d311-ff52-47e6-8f6f-dc0c46429ffc,VIDEO,vito claustrum coma,Sordeo valde cum appositus. Vinculum arcesso curatio angelus cursim confido abbas. Amet advenio sonitus.,274d30f5-98e4-4537-ba17-fa3215cc9020
8c58815e-afc8-4f15-ba14-01067e58fd1d,TEXT,textilis temeritas quae,Auxilium careo undique tutis charisma victus pax. Virgo umquam sint pectus uter tametsi cogo truculenter beatus. Deserunt doloremque spargo creta cupiditas sophismata tener urbs umerus strenuus.,27547a61-f3b1-4377-9d02-19ddd866b3ff
8c7d1746-539d-44f5-9984-6c32d1a698db,VIDEO,dapifer victus,Tabesco vinco defluo conatus ventus totidem debeo bibo. Alienus compello tenax facilis causa cohibeo cogo. Aestus supplanto cibus auctus ipsum.,27547a61-f3b1-4377-9d02-19ddd866b3ff
8d171040-4ee2-4166-9807-f25569f15876,QUIZ,succurro super,Accommodo constans termes atrocitas cultellus pauci carus comparo recusandae. Earum arceo tabesco sublime torqueo sum unde cum virtus. Sono aqua enim totam coerceo cubicularis admitto statua.,d46d9bc7-6f41-4640-b122-21d24486d8b5
90140bd5-dfb7-4f9b-a3f5-a58d9d7595ef,VIDEO,depereo acsi,Attero venia auxilium odio perferendis. Cito totam creptio quidem anser culpo adulescens. Complectus amicitia capillus subseco antepono tremo summopere aegre voluptatibus ut.,691ca1f5-8df5-4df2-9e2e-72b43a1ce679
90856fd0-9e62-4666-a800-0b37f803797c,QUIZ,tergum,Varius praesentium arbustum cupiditas agnosco. Vado beatus est paens aegrotatio consectetur. Volaticus timor cogo stips trucido aspernatur eveniet desolo autem at.,d46d9bc7-6f41-4640-b122-21d24486d8b5
920d1cda-d3ee-4b11-800f-1ddf72552ef2,ASSIGNMENT,adipisci consectetur,Utroque deprecator tredecim comparo conculco attollo tactus aro. Caste tutis colligo placeat. Sumptus clementia arto.,2491a797-6df8-4944-96a3-bd9bbde5258c
93116fc1-258d-41a5-9ed7-929fddbc52b0,QUIZ,alveus suspendo qui,Atavus ambitus suppellex vito antiquus. Denuncio adiuvo vacuus cuius. Temptatio suppono adinventitias balbus.,27547a61-f3b1-4377-9d02-19ddd866b3ff
94001c28-96f6-4730-96c8-051b1227a2f8,VIDEO,cursim dolorum,Termes desparatus tepidus ter triumphus coma. Tener itaque alter celebrer subvenio. Tepidus cibus cibo tripudio custodia.,4e7b9562-e957-4630-8d5d-89388793f561
94ed991c-cde2-4ce9-9138-1a9d2f4f342a,QUIZ,debeo ara consequuntur,Ager veritatis sustineo. Conor umerus coruscus. Aufero viduo succurro deputo.,27547a61-f3b1-4377-9d02-19ddd866b3ff
95cba64a-27c4-4399-a888-c51ae69afafc,LINK,desparatus,Accedo torrens comitatus clamo sequi vere. Ademptio natus tribuo. Cariosus adfectus strenuus.,2491a797-6df8-4944-96a3-bd9bbde5258c
9768b5ea-beff-4305-ba2b-89194f81f6ac,QUIZ,defendo sortitus velit,Collum nihil itaque dolor comis defendo. Conventus infit ullam addo. Cariosus fugiat quae defero taedium angustus acervus delectus.,674ffc82-44e8-4b66-8ce9-1480a9ef69fd
9b01d71f-5ab4-41f9-a3a3-7fa1087dedaf,LINK,virtus,Facere adaugeo vitium illo. Cupiditate apostolus asper taedium. Patior cunae sperno totidem accedo atavus volubilis culpo capto solium.,d46d9bc7-6f41-4640-b122-21d24486d8b5
9c8abf13-2258-4f4a-83c3-0a8e0a460d19,LINK,adiuvo ratione,Cresco ambulo numquam desino spiritus crudelis demitto usitas temporibus succurro. Tamdiu conatus bardus usus aiunt degusto degero amet. Taceo copia curiositas conicio tero vetus volo.,674ffc82-44e8-4b66-8ce9-1480a9ef69fd
9dc8b690-3405-43a2-b576-6173ff447d84,VIDEO,venia combibo,Apostolus barba caute pecus apostolus doloremque. Coadunatio placeat astrum vir suppono verus enim. Perferendis cubitum vehemens amaritudo labore vociferor decerno adipiscor ceno officiis.,4e7b9562-e957-4630-8d5d-89388793f561
9df7a49e-35f9-4fb8-a93d-be65fc1b2dc6,ASSIGNMENT,decimus officia,Addo deludo acidus triumphus utilis conatus vaco volo conservo. Sol cado delicate vigilo. Adicio provident adsidue dolor aggero vilicus eum.,691ca1f5-8df5-4df2-9e2e-72b43a1ce679
a17bfa04-b2d0-43ce-9a14-3f5004394231,TEXT,terga,Demulceo vitiosus sponte temptatio sto speciosus suggero copia supra. Caterva aequus vulgo temeritas totam ventosus hic caste depromo. Delibero atavus cumque similique surgo aeger cognatus cruentus cubitum corrumpo.,d4ff8b98-c13e-441e-ad01-3b8d28100e1a
a3e45642-d760-4896-bed9-86517e98761b,TEXT,sono torqueo alienus,Absconditus tolero voco caste minus torrens consuasor quia turbo. Cenaculum theatrum deporto. Soluta stips corporis.,d4ff8b98-c13e-441e-ad01-3b8d28100e1a
a40ab04e-c07a-472b-abbe-3e565f3b2932,QUIZ,utor adhuc,Tametsi aggredior triduana turbo spiritus. Comis terminatio celo corona ciminatio varietas sufficio. Arbor conqueror decerno vulgus conspergo traho.,674ffc82-44e8-4b66-8ce9-1480a9ef69fd
a55a09b4-bb60-4f25-83d9-d13671416366,ASSIGNMENT,demonstro maiores,Defluo tertius conservo patruus. Termes cohaero doloremque. Verumtamen iste concido theatrum dicta caput abstergo auxilium.,674ffc82-44e8-4b66-8ce9-1480a9ef69fd
aa4bc9a6-53a3-4582-9c17-d1581b37c301,VIDEO,accedo volaticus alveus,Cavus volubilis vetus asporto comprehendo. Repudiandae tantum triumphus vulnus adficio abbas. Derelinquo cognomen adhaero suscipit cupiditate curto.,274d30f5-98e4-4537-ba17-fa3215cc9020
abc46391-fa71-4b60-a02b-d2a54c113d6c,VIDEO,natus,Aqua caute deporto dolores ceno aestas deficio vilis. Defessus delectatio consequatur minima iure sunt velum aranea aptus claudeo. Tepesco arx universe adduco tantum.,274d30f5-98e4-4537-ba17-fa3215cc9020
abf9c13a-175b-4566-9c09-37ac4ef4ed24,LINK,vulgivagus pectus,Harum tantillus ipsam aperte. Aliquam ante vesper terror adsuesco auctus tabesco voveo. Eligendi ullus vos decet.,e63e6cfc-060a-41ad-8d2d-f8f8695cc3d8
ac400ab2-ded9-46b1-b3f1-080159e6e879,ASSIGNMENT,ambulo,Addo apostolus vel. Celebrer conscendo laboriosam. Appono appono dolorem absconditus vobis.,e63e6cfc-060a-41ad-8d2d-f8f8695cc3d8
ae080f25-a343-491f-93ca-9285542d5533,QUIZ,cervus ratione,Cognatus admiratio dignissimos clementia. Benigne eaque taedium repellendus asporto. Casso toties decipio somnus cedo adfectus consequatur stabilis.,4e7b9562-e957-4630-8d5d-89388793f561
af96d87e-e1cf-4589-bfa7-e564aff5bb8f,QUIZ,vorax sumptus iusto,Velociter altus torrens crepusculum. Acies laudantium volva ab arma. Ratione celebrer chirographum.,274d30f5-98e4-4537-ba17-fa3215cc9020
aff8b10d-361b-4ae1-8d2f-35c60f669bf9,ASSIGNMENT,totus carbo,Libero tendo convoco convoco supellex bonus. Concedo tertius tripudio coruscus soluta adnuo surculus. Acquiro suppono demulceo brevis arx.,4e7b9562-e957-4630-8d5d-89388793f561
b17457f5-fbca-49f2-8d2a-c0a29bb0e034,ASSIGNMENT,distinctio,Arbustum tubineus adfectus denique crepusculum aranea clam nobis decor sunt. Cura subvenio impedit reiciendis amaritudo. Adfero aranea apud casso libero celo.,274d30f5-98e4-4537-ba17-fa3215cc9020
b18abb86-b2b7-4194-96ff-08cbce82eb1f,LINK,audeo earum,Comis laborum compono. Totus antiquus vesco exercitationem compono usus tabula celebrer conturbo. Voluptatem nemo quidem arbustum cometes brevis necessitatibus aqua ventito.,d46d9bc7-6f41-4640-b122-21d24486d8b5
b28aada2-0898-4f9f-a042-82d28cf3a81e,QUIZ,excepturi,Demum commodi quibusdam administratio repellendus. Maxime voluptate ipsa volo conscendo aer triumphus. Considero causa avaritia.,2491a797-6df8-4944-96a3-bd9bbde5258c
b2a6e11a-cfa7-4478-a909-68fcf461a1b1,ASSIGNMENT,canonicus,Tenax vilis comparo angustus abundans vallum adfero. Derideo spectaculum uberrime vinitor. Subvenio supplanto quas denique adsidue alii.,399865b0-582d-4f3c-a752-66923b881a81
b65a7ec9-c12b-4d8b-92d8-4442d5efa1c0,VIDEO,sonitus assumenda,Vomer vorax utor. Bellum contego congregatio defetiscor vergo cariosus cito vae adsuesco thymum. Suggero repellendus solio victus cura aedificium.,691ca1f5-8df5-4df2-9e2e-72b43a1ce679
b7c15814-dc94-4620-8826-aff747468459,QUIZ,vindico,Sodalitas aer quas basium ceno. Audio dedecor tutis tempora varius aperio benevolentia decimus. Tepidus subseco spiculum contigo expedita amoveo.,27547a61-f3b1-4377-9d02-19ddd866b3ff
b7d52ad1-d410-46eb-a3a3-4165d705fc51,LINK,cursus verbum arma,Arma audax dedecor sponte vomer solum minima. Aliquam stabilis exercitationem. Comprehendo claro excepturi denique solum alter.,2491a797-6df8-4944-96a3-bd9bbde5258c
b8012568-558b-4367-a41c-adcfbe6d0b9d,LINK,alius,Abutor admoneo utroque tamen blandior. Unus audentia quos apostolus tamdiu terra suppono. Utilis amicitia sapiente tego minima contego casus cruciamentum vitium.,274d30f5-98e4-4537-ba17-fa3215cc9020
b8df26e5-e9f4-4e5f-839e-e27872fce4e8,ASSIGNMENT,absque,Tergeo cenaculum defungo bellicus terror uredo vetus. Absque artificiose temeritas. Ter et ante vis voluptatum fuga.,d4ff8b98-c13e-441e-ad01-3b8d28100e1a
b93f8311-167f-471b-8b9f-55597a7f2832,ASSIGNMENT,tabesco ascit carbo,Capio maiores corpus comprehendo nemo curia vitae venia conservo. Ocer damno tantum reprehenderit auctus. Caterva clementia utor.,2491a797-6df8-4944-96a3-bd9bbde5258c
b94057e7-1dca-40d9-88ca-81be3c033b8c,VIDEO,cruciamentum,Cimentarius thermae tergo maxime fugit verecundia cinis accusator tepidus apostolus. Aggredior aliquam bellum vobis campana beatus. Sum fugiat acsi deporto cura vel averto degero totam contego.,d46d9bc7-6f41-4640-b122-21d24486d8b5
ba9cea41-b37d-4077-bd14-d9461db3155f,QUIZ,volubilis carcer vesper,Astrum ustulo coepi admitto soleo deleniti depraedor adflicto. Damno alii modi conservo. Desino benigne tergum ambulo apparatus corona.,4e7b9562-e957-4630-8d5d-89388793f561
bb12c4d2-c3f6-4a7e-a6f6-9a234e1fca20,TEXT,magni,Antiquus curtus combibo tribuo subito. Teres bibo timor defetiscor conscendo. Abeo pel dolore timor adsidue.,d46d9bc7-6f41-4640-b122-21d24486d8b5
bdc5b6d0-4c2c-4723-b2f3-997036d7e3b4,VIDEO,ventosus venustas textor,Adstringo centum statua quibusdam clam. Pauper tamisium turpis. Molestiae perspiciatis video vicissitudo aro sum inventore dicta.,691ca1f5-8df5-4df2-9e2e-72b43a1ce679
bdf36946-77ca-45de-b44f-f91c57333ee8,QUIZ,verumtamen,Videlicet sed neque verto clementia. Vox venio turpis vomito summopere demoror. Quos administratio thermae ventus aurum.,674ffc82-44e8-4b66-8ce9-1480a9ef69fd
bf9132eb-0376-44b7-b5e6-51d249d60aae,TEXT,urbs vulariter tenuis,Cimentarius adicio theatrum patria viduo. Veniam despecto cultura sui sonitus facilis ulciscor celer deprimo vesco. Vito texo usus labore debeo dedecor cohibeo dolorem impedit.,4e7b9562-e957-4630-8d5d-89388793f561
c5b8d9dd-3987-4c29-b2fe-44fbeb70e68b,ASSIGNMENT,crapula,Urbs tamquam dedico sum verecundia sono sit explicabo magni ultra. Est summopere cauda cohaero possimus animi audax trans. Ab sint quibusdam aeneus accusantium supplanto crustulum.,27547a61-f3b1-4377-9d02-19ddd866b3ff
c736552b-fcbb-4fe1-a420-1551aaf2f226,QUIZ,ad admoneo decipio,Aliqua comminor hic acer molestiae derelinquo vis. Appello patrocinor aedificium corrigo. Cohaero sui sponte volup decet vivo tum laboriosam autem vereor.,399865b0-582d-4f3c-a752-66923b881a81
c74770b5-0a03-4627-9d54-ee5772769f80,ASSIGNMENT,labore adulatio,Tersus curis sum accusantium repellendus consequatur. Uberrime sum ubi tersus strenuus termes thesis statua adduco tabernus. Fuga tactus volubilis antepono acidus tricesimus.,399865b0-582d-4f3c-a752-66923b881a81
c8a2f33c-d7a6-4026-ac32-3a04a055d5b9,QUIZ,via tutamen,Supellex curia currus aeger. Ascisco verecundia adaugeo delibero tamdiu clamo desipio. Derideo voluptatibus voluptatibus ambulo supra ultio maiores allatus caveo.,691ca1f5-8df5-4df2-9e2e-72b43a1ce679
c9ebc0a1-b990-4f7b-99c5-dbf13f88f912,TEXT,arcus carmen desolo,Odit desino pauper spargo calco vinitor agnosco earum sono. Adstringo vulnero alii. Suadeo tempore canonicus pecco depereo ara apud.,27547a61-f3b1-4377-9d02-19ddd866b3ff
ca6734a9-2e61-4712-b50a-548016642dc2,LINK,comptus,Urbs utique arcus. Velut defaeco iusto infit atrocitas. Deleniti denuo avaritia patrocinor adficio blandior quisquam coniecto.,274d30f5-98e4-4537-ba17-fa3215cc9020
cb36dbfe-da49-468c-9e7a-083b75dd2013,TEXT,id,Torqueo concedo vulgo. Turpis sollers sollicito thema tabgo ait artificiose beatus speculum vorax. Angulus velociter depono ipsum subnecto delibero approbo bibo.,2491a797-6df8-4944-96a3-bd9bbde5258c
cbff95d6-dccc-4404-b941-2c680aa44cf9,QUIZ,maxime careo,Vulariter alienus aegre cogo. Ter coaegresco tego audax varius confugo utrum. Bardus ascisco creator bos subnecto.,4e7b9562-e957-4630-8d5d-89388793f561
ccd8768b-adc2-4e66-8efe-db9d69edb631,QUIZ,vestigium tenuis,Usitas colo temporibus vinco attollo defluo. Unde fuga xiphias arguo tabesco. Adimpleo cupio eligendi doloremque absque.,674ffc82-44e8-4b66-8ce9-1480a9ef69fd
cd4a1312-e133-46fb-8e28-dda4893681c7,TEXT,voluptate ulciscor viridis,Aegrus artificiose magnam comedo aranea uterque nihil thorax. Non sunt aggero dedecor sed delectatio. Conventus turpis urbs studio testimonium vacuus vesper arx minima.,4e7b9562-e957-4630-8d5d-89388793f561
cf940e61-d249-42cb-aa5c-5d0abb4d7eed,VIDEO,volva deserunt,Censura tergiversatio beatae solvo summa tutamen ater vehemens. Terminatio vicissitudo distinctio decerno. Curia casus ambulo.,4e7b9562-e957-4630-8d5d-89388793f561
cfdf3426-e786-4679-9787-cc44eb4e7d53,QUIZ,eligendi,Suffoco provident vomica tendo sodalitas cenaculum angulus brevis solum. Delego inflammatio adflicto defluo cerno stabilis. Creber advoco collum testimonium.,399865b0-582d-4f3c-a752-66923b881a81
d17aff55-b16a-4e93-a92c-880b1d9f761b,ASSIGNMENT,vel,Territo benevolentia adaugeo vindico. Aequitas usque sapiente ipsa victoria supellex suffragium aeneus adfectus sortitus. Antepono ad aveho.,4e7b9562-e957-4630-8d5d-89388793f561
d2671e25-047f-4a48-ae54-ed9be08a036a,QUIZ,ago comparo,Teres tredecim torqueo crudelis cupiditate. Calco id conscendo sollicito in alioqui. Asporto inventore sollers bonus teneo atrocitas quos aspernatur.,d4ff8b98-c13e-441e-ad01-3b8d28100e1a
d3302537-ed81-4978-845e-0b92db9887f9,QUIZ,testimonium,Doloribus subito adsum adnuo. Thymbra triduana fuga officia aer. Cerno ter esse cupressus tertius.,674ffc82-44e8-4b66-8ce9-1480a9ef69fd
d36ae224-de8a-42cb-b1e8-e2926a5dde3b,VIDEO,voluptatum,Considero succedo sodalitas tactus corona tui coma autus tactus. Calco curatio ante calamitas vis demo abstergo tollo adstringo. Tertius odit eos aetas.,e63e6cfc-060a-41ad-8d2d-f8f8695cc3d8
d37d280e-bbfb-468e-ba29-6ac0998b9d51,VIDEO,canis utique abundans,Amissio officia tenuis voluptas totam coma vergo magnam uxor. Abscido minus crapula decimus denuncio aqua varius approbo tersus. Asporto uxor pel deprimo quidem aestus subiungo.,274d30f5-98e4-4537-ba17-fa3215cc9020
d4d17249-652a-4e5a-a0e7-152c00969049,VIDEO,caterva,Cupiditas apto suscipit debilito spero. Aggero possimus dolore. Solus abstergo amoveo crepusculum urbs caries collum audio coepi ex.,d46d9bc7-6f41-4640-b122-21d24486d8b5
d6248b1c-1408-42a5-848d-f70613f14d48,VIDEO,sono amiculum adnuo,Et terebro sonitus. Triumphus ad sint sunt curtus asporto decipio desolo. Teres adinventitias corpus valetudo rem thema temperantia adhuc aureus.,27547a61-f3b1-4377-9d02-19ddd866b3ff
d870210a-f0ce-481e-9282-743d5e4354ea,LINK,vinitor deleo,Confugo cohors centum impedit uter solus. Umerus aestivus dolorem arbitro sursum confugo. Artificiose vox debitis ubi crapula.,674ffc82-44e8-4b66-8ce9-1480a9ef69fd
d873f192-2bf7-403f-9a31-17ec1a62e3ad,ASSIGNMENT,claro neque caelum,Acsi sortitus soleo attero sophismata derelinquo ver totus antiquus corona. Omnis arceo accusator itaque vir. Conventus suffragium conqueror cum tamdiu antepono thymbra.,274d30f5-98e4-4537-ba17-fa3215cc9020
dac65af2-6f17-42fd-8763-46f74e2e9d19,VIDEO,somnus arceo terebro,Adeptio tolero voluptatum bis aperiam arx. Unus virtus harum amita creta aggredior angulus. Allatus aequus optio antea cognatus conor.,e63e6cfc-060a-41ad-8d2d-f8f8695cc3d8
de1e2d14-0e80-4b69-8f6e-2f0f66d3df54,QUIZ,vallum ulterius,Damnatio adulescens optio volubilis accommodo ipsum depraedor inflammatio occaecati porro. Vulpes astrum virga eius vitae hic ascit ipsum dapifer. Cohaero traho comes.,674ffc82-44e8-4b66-8ce9-1480a9ef69fd
e6558a3c-4860-46ab-9e44-e8b59efa3c7f,LINK,vicinus,Decretum tamisium facere adfero infit crudelis. Vel voluptatem termes calculus. Ullam ipsam sumptus mollitia audio cunae voco magnam custodia deinde.,674ffc82-44e8-4b66-8ce9-1480a9ef69fd
e6fff452-099d-49a5-8384-5a0fc798f88f,ASSIGNMENT,artificiose teneo aperiam,Maiores dapifer decerno sub tempus. Audeo aufero validus impedit ultra tantillus. Campana trucido officia demulceo thesis quos allatus suppono culpo approbo.,2491a797-6df8-4944-96a3-bd9bbde5258c
e7ba7b4b-37bc-4e29-b38f-a980167f1458,VIDEO,barba,Deduco varius thema. Delectatio defessus aperiam bibo tum cornu thema tabernus. Campana perferendis valens chirographum odit clam suspendo aliquid deserunt vindico.,399865b0-582d-4f3c-a752-66923b881a81
ec713691-66c6-49f2-8330-137db2656dae,LINK,amoveo crustulum deputo,Abundans esse canonicus. Vomer aeneus tribuo modi colligo cohors facere. Vel cruciamentum cito complectus solutio universe thesis.,691ca1f5-8df5-4df2-9e2e-72b43a1ce679
ef07c866-b5eb-4816-8a5d-a004e54c6dfc,QUIZ,eveniet,Vulgus viriliter conforto eligendi delectatio toties valeo canto acidus. Vado iusto conculco solitudo cohors dolorum. Studio maiores summa terra venustas adulatio audacia annus.,399865b0-582d-4f3c-a752-66923b881a81
ef5b10e0-ba6d-41d2-8277-00a6a7b01dd5,TEXT,mollitia temperantia,Argentum vox trans comptus depereo asper adsidue culpa. Varietas cito desipio aegre necessitatibus ascisco centum verecundia turba circumvenio. Dens vestigium mollitia credo asporto tantum.,d4ff8b98-c13e-441e-ad01-3b8d28100e1a
f062243b-4aca-4fb6-b133-b901f5b8eb1d,VIDEO,angustus,Comburo accommodo cito cognomen. Bibo tres cupiditate tener. Trucido chirographum templum coma addo a aranea validus.,d46d9bc7-6f41-4640-b122-21d24486d8b5
f088bf90-8d56-41ad-b696-9421c5277956,TEXT,supplanto veritatis,Cohors soluta artificiose sequi tristis. Tertius laboriosam coruscus repudiandae credo sapiente centum tergiversatio. Tabula vester traho.,4e7b9562-e957-4630-8d5d-89388793f561
f321fcb0-00fd-4490-972d-ddb2070b7ac6,QUIZ,campana solvo,Tabella thymbra tracto ara studio stella. Voluptatibus debeo volubilis aperio depromo. Bestia creptio comptus.,674ffc82-44e8-4b66-8ce9-1480a9ef69fd
f356477a-3ddd-42d6-bbe5-2d34fbc7bad7,VIDEO,velut adsidue,Asperiores occaecati candidus conspergo annus villa iure volva creator eaque. Amo cornu ullam sit amplexus vesper. Somniculosus agnosco aut convoco vero deprecator stultus.,274d30f5-98e4-4537-ba17-fa3215cc9020
f82051eb-ab06-4230-bfb4-8f335b8dcb9c,LINK,delibero collum,Distinctio vulticulus depono acer conturbo claro cornu ut labore utrimque. Animi texo corporis ago cado supellex bonus nesciunt derelinquo. Asporto depopulo corroboro cunae voluptatum adiuvo tricesimus curso aeger.,399865b0-582d-4f3c-a752-66923b881a81
f8694146-5087-415d-9553-52d1e6160f64,TEXT,adopto arx caelestis,Capillus carcer iusto aestas atque confero porro. Argumentum adeptio excepturi claustrum. Modi caterva amplexus qui.,2491a797-6df8-4944-96a3-bd9bbde5258c
f96f9e23-996c-4af7-8d83-ce97a329b355,ASSIGNMENT,bos ex,Capitulus creptio certus tergo artificiose similique earum commodi. Tunc consequatur agnitio vix. Asporto dapifer unde averto admoneo uter vero triumphus.,e63e6cfc-060a-41ad-8d2d-f8f8695cc3d8
fb2a6df4-10ea-4d0b-b4a7-704f44da712b,VIDEO,beneficium,Corona culpo advenio viduo aegre magnam aliqua vomer laborum agnitio. Cubitum voluptatum ad sursum ait uberrime defessus aurum sublime. Excepturi cohibeo cupiditate taedium.,27547a61-f3b1-4377-9d02-19ddd866b3ff
fd779ad9-e089-4c4f-b02e-7ac03ce48867,QUIZ,curvo desolo complectus,Defluo absum depono deficio ipsam usitas. Deprecator cupiditate vester vicissitudo cruentus dedico strues solio conservo. Aperiam alioqui campana vetus admitto.,d4ff8b98-c13e-441e-ad01-3b8d28100e1a
fdd26b8f-e8c4-4c6d-b650-7d2a5bfa5761,LINK,aeternus teres supra,Modi desipio tabgo cilicium xiphias tres veritas aegre. Pecco sui dapifer angustus stillicidium vapulus corrigo crapula enim apparatus. Desolo optio baiulus ipsam audax.,d4ff8b98-c13e-441e-ad01-3b8d28100e1a
fe3d3733-0546-4ab6-81f4-1028a6801784,LINK,arca fugit,Spectaculum impedit viduo aegre sperno aegrus modi perspiciatis turbo. Bis cras aeger coma attonbitus denego qui. Optio omnis adnuo cinis delectus certe vicinus uter.,691ca1f5-8df5-4df2-9e2e-72b43a1ce679
ff09d8a0-bb7c-48e8-b963-ce6d6b1e59e0,LINK,similique varius,Quam viriliter velit adfectus decipio temptatio depromo. Consuasor amita congregatio commodi administratio caries curo varius ager aeneus. Constans usitas tempora vereor adinventitias ultra celer.,27547a61-f3b1-4377-9d02-19ddd866b3ff